Fecha,Trimestre,Sentimiento_Mercado,Evento_Clave,Precio_Apertura,Precio_Cierre,Volumen_Transacciones,Tendencia_Alcista
2020-01-10,Q1,Positivo,Ninguno,94.50,96.20,85000000,True
2020-01-24,Q1,Neutral,Ninguno,96.10,95.80,72000000,False
2020-02-07,Q1,Positivo,Reporte Ganancias,98.20,103.50,110000000,True
2020-02-21,Q1,Negativo,Ninguno,102.50,98.40,95000000,False
2020-03-06,Q1,Negativo,Ninguno,95.10,90.20,135000000,False
2020-03-20,Q1,Positivo,Ninguno,91.00,94.50,140000000,True
2020-04-03,Q2,Positivo,Ninguno,95.50,98.10,98000000,True
2020-04-17,Q2,Positivo,Ninguno,99.20,105.00,105000000,True
2020-05-01,Q2,Neutral,Reporte Ganancias,106.50,104.80,120000000,False
2020-05-15,Q2,Positivo,Ninguno,105.10,108.30,88000000,True
2020-05-29,Q2,Positivo,Ninguno,109.00,112.10,85000000,True
2020-06-12,Q2,Neutral,Ninguno,112.50,111.40,78000000,False
2020-06-26,Q2,Positivo,Ninguno,111.80,115.60,92000000,True
2020-07-10,Q3,Positivo,Anuncio Prime Day,117.00,121.20,105000000,True
2020-07-24,Q3,Positivo,Ninguno,122.50,124.80,95000000,True
2020-08-07,Q3,Positivo,Reporte Ganancias,126.10,128.50,115000000,True
2020-08-21,Q3,Neutral,Ninguno,129.00,128.10,82000000,False
2020-09-04,Q3,Negativo,Ninguno,127.50,122.40,110000000,False
2020-09-18,Q3,Neutral,Ninguno,123.00,124.50,89000000,True
2020-10-02,Q4,Positivo,Ninguno,125.50,128.90,94000000,True
2020-10-16,Q4,Positivo,Anuncio Prime Day,130.20,135.10,120000000,True
2020-10-30,Q4,Negativo,Reporte Ganancias,136.00,131.50,130000000,False
2020-11-13,Q4,Neutral,Ninguno,132.10,133.00,75000000,True
2020-11-27,Q4,Positivo,Lanzamiento Producto,134.50,138.20,88000000,True
2020-12-11,Q4,Positivo,Ninguno,139.00,141.50,91000000,True
2020-12-25,Q4,Positivo,Ninguno,142.10,144.00,65000000,True
2021-01-08,Q1,Positivo,Ninguno,145.00,148.20,105000000,True
2021-01-22,Q1,Neutral,Ninguno,149.10,148.50,82000000,False
2021-02-05,Q1,Positivo,Reporte Ganancias,150.00,154.30,125000000,True
2021-02-19,Q1,Negativo,Ninguno,155.50,151.20,115000000,False
2021-03-05,Q1,Negativo,Ninguno,150.10,146.80,98000000,False
2021-03-19,Q1,Neutral,Ninguno,147.50,148.90,88000000,True
2021-04-02,Q2,Positivo,Ninguno,150.20,153.10,92000000,True
2021-04-16,Q2,Positivo,Ninguno,154.00,157.50,105000000,True
2021-04-30,Q2,Positivo,Reporte Ganancias,158.50,162.40,135000000,True
2021-05-14,Q2,Neutral,Ninguno,163.00,161.80,95000000,False
2021-05-28,Q2,Positivo,Ninguno,162.50,165.20,82000000,True
2021-06-11,Q2,Positivo,Anuncio Prime Day,166.10,168.90,110000000,True
2021-06-25,Q2,Positivo,Ninguno,169.50,172.40,98000000,True
2021-07-09,Q3,Positivo,Ninguno,173.00,175.50,102000000,True
2021-07-23,Q3,Neutral,Ninguno,176.10,174.80,85000000,False
2021-08-06,Q3,Negativo,Reporte Ganancias,173.50,168.20,145000000,False
2021-08-20,Q3,Neutral,Ninguno,169.00,170.50,78000000,True
2021-09-03,Q3,Positivo,Ninguno,171.20,174.10,88000000,True
2021-09-17,Q3,Negativo,Ninguno,174.50,170.80,96000000,False
2021-10-01,Q4,Neutral,Ninguno,171.50,172.90,81000000,True
2021-10-15,Q4,Positivo,Lanzamiento Producto,173.20,176.50,105000000,True
2021-10-29,Q4,Negativo,Reporte Ganancias,177.00,172.40,130000000,False
2021-11-12,Q4,Positivo,Ninguno,173.50,178.10,92000000,True
2021-11-26,Q4,Positivo,Ninguno,179.00,182.50,115000000,True
2021-12-10,Q4,Neutral,Ninguno,183.10,181.80,88000000,False
2022-01-07,Q1,Negativo,Ninguno,180.50,175.20,140000000,False
2022-01-21,Q1,Negativo,Ninguno,174.00,168.50,155000000,False
2022-02-04,Q1,Positivo,Reporte Ganancias,169.20,176.80,185000000,True
2022-02-18,Q1,Negativo,Ninguno,175.50,169.40,135000000,False
2022-03-04,Q1,Negativo,Ninguno,168.10,161.50,145000000,False
2022-03-18,Q1,Positivo,Ninguno,162.00,166.20,120000000,True
2022-04-01,Q2,Neutral,Ninguno,167.50,168.10,95000000,True
2022-04-15,Q2,Negativo,Ninguno,167.00,160.50,130000000,False
2022-04-29,Q2,Negativo,Reporte Ganancias,158.20,145.40,210000000,False
2022-05-13,Q2,Negativo,Ninguno,144.50,138.20,175000000,False
2022-05-27,Q2,Positivo,Ninguno,139.10,143.50,150000000,True
2022-06-10,Q2,Negativo,Ninguno,142.00,135.80,165000000,False
2022-06-24,Q2,Positivo,Ninguno,136.50,140.20,135000000,True
2022-07-08,Q3,Positivo,Anuncio Prime Day,141.00,145.50,125000000,True
2022-07-22,Q3,Positivo,Ninguno,146.20,150.10,110000000,True
2022-08-05,Q3,Positivo,Reporte Ganancias,152.00,158.40,165000000,True
2022-08-19,Q3,Neutral,Ninguno,159.10,157.50,98000000,False
2022-09-02,Q3,Negativo,Ninguno,156.00,149.20,145000000,False
2022-09-16,Q3,Negativo,Ninguno,148.50,142.10,130000000,False
2022-09-30,Q3,Neutral,Ninguno,141.00,142.50,115000000,True
2022-10-14,Q4,Positivo,Ninguno,143.20,146.80,105000000,True
2022-10-28,Q4,Negativo,Reporte Ganancias,145.50,132.40,195000000,False
2022-11-11,Q4,Positivo,Ninguno,134.10,139.50,125000000,True
2022-11-25,Q4,Neutral,Lanzamiento Producto,140.00,138.80,85000000,False
2022-12-09,Q4,Negativo,Ninguno,137.50,131.20,110000000,False
2022-12-23,Q4,Neutral,Ninguno,130.00,131.50,92000000,True
2023-01-06,Q1,Positivo,Ninguno,132.20,136.50,105000000,True
2023-01-20,Q1,Positivo,Ninguno,137.10,141.20,115000000,True
2023-02-03,Q1,Positivo,Reporte Ganancias,142.50,148.60,165000000,True
2023-02-17,Q1,Neutral,Ninguno,149.00,147.80,95000000,False
2023-03-03,Q1,Positivo,Ninguno,148.20,152.10,102000000,True
2023-03-17,Q1,Negativo,Ninguno,153.00,149.50,110000000,False
2023-03-31,Q1,Positivo,Ninguno,150.10,154.20,98000000,True
2023-04-14,Q2,Positivo,Ninguno,155.00,158.90,105000000,True
2023-04-28,Q2,Positivo,Reporte Ganancias,159.50,164.20,145000000,True
2023-05-12,Q2,Neutral,Ninguno,165.00,164.10,88000000,False
2023-05-26,Q2,Positivo,Ninguno,164.50,167.80,92000000,True
2023-06-09,Q2,Positivo,Anuncio Prime Day,168.20,172.50,115000000,True
2023-06-23,Q2,Neutral,Ninguno,173.00,171.80,85000000,False
2023-07-07,Q3,Positivo,Ninguno,172.50,176.40,102000000,True
2023-07-21,Q3,Positivo,Ninguno,177.10,181.50,110000000,True
2023-08-04,Q3,Positivo,Reporte Ganancias,182.00,188.20,155000000,True
2023-08-18,Q3,Negativo,Ninguno,189.50,184.10,125000000,False
2023-09-01,Q3,Neutral,Ninguno,185.00,186.50,95000000,True
2023-09-15,Q3,Positivo,Lanzamiento Producto,187.20,191.40,108000000,True
2023-09-29,Q3,Neutral,Ninguno,192.00,191.10,88000000,False
2023-10-13,Q4,Positivo,Ninguno,191.50,195.80,102000000,True
2023-10-27,Q4,Positivo,Reporte Ganancias,196.20,202.40,165000000,True
2023-11-10,Q4,Positivo,Ninguno,203.00,207.50,115000000,True
2023-11-24,Q4,Neutral,Ninguno,208.10,207.20,75000000,False
2023-12-08,Q4,Positivo,Ninguno,207.50,211.80,95000000,True
2023-12-22,Q4,Positivo,Ninguno,212.00,215.50,85000000,True
2024-01-05,Q1,Positivo,Ninguno,216.10,219.20,105000000,True
2024-01-19,Q1,Neutral,Ninguno,219.50,218.40,92000000,False
2024-02-02,Q1,Positivo,Reporte Ganancias,220.00,226.50,145000000,True
2024-02-16,Q1,Negativo,Ninguno,227.10,222.80,115000000,False
2024-03-01,Q1,Positivo,Ninguno,223.50,227.10,98000000,True
2024-03-15,Q1,Neutral,Ninguno,228.00,227.50,88000000,False
2024-03-29,Q1,Positivo,Ninguno,228.20,231.40,95000000,True
2024-04-12,Q2,Positivo,Ninguno,232.00,236.50,108000000,True
2024-04-26,Q2,Positivo,Reporte Ganancias,237.10,242.80,155000000,True
2024-05-10,Q2,Neutral,Ninguno,243.50,242.10,92000000,False
2024-05-24,Q2,Positivo,Ninguno,242.80,246.50,102000000,True
2024-06-07,Q2,Positivo,Anuncio Prime Day,247.10,251.20,125000000,True
2024-06-21,Q2,Neutral,Ninguno,252.00,250.80,95000000,False
2024-07-05,Q3,Positivo,Ninguno,251.50,255.40,105000000,True
2024-07-19,Q3,Positivo,Ninguno,256.00,259.80,112000000,True
2024-08-02,Q3,Negativo,Reporte Ganancias,260.50,252.40,165000000,False
2024-08-16,Q3,Neutral,Ninguno,253.10,254.50,98000000,True
2024-08-30,Q3,Positivo,Ninguno,255.00,258.20,92000000,True
2024-09-13,Q3,Positivo,Lanzamiento Producto,259.10,263.50,115000000,True
2024-09-27,Q3,Neutral,Ninguno,264.00,262.80,88000000,False
2024-10-11,Q4,Positivo,Ninguno,263.50,267.10,105000000,True
2024-10-25,Q4,Positivo,Reporte Ganancias,268.00,274.50,155000000,True
2024-11-08,Q4,Positivo,Ninguno,275.20,279.80,112000000,True
2024-11-22,Q4,Neutral,Ninguno,280.50,279.10,85000000,False
2024-12-06,Q4,Positivo,Ninguno,279.80,283.40,98000000,True
2024-12-20,Q4,Positivo,Ninguno,284.00,288.50,105000000,True
2025-01-03,Q1,Positivo,Ninguno,289.10,293.20,115000000,True
2025-01-17,Q1,Neutral,Ninguno,294.00,292.50,92000000,False
2025-01-31,Q1,Positivo,Reporte Ganancias,293.20,299.80,165000000,True
2025-02-14,Q1,Negativo,Ninguno,300.50,295.40,125000000,False
2025-02-28,Q1,Neutral,Ninguno,296.00,297.10,95000000,True
2025-03-14,Q1,Positivo,Ninguno,298.20,302.50,105000000,True
2025-03-28,Q1,Positivo,Ninguno,303.00,307.40,112000000,True
2025-04-11,Q2,Neutral,Ninguno,308.10,307.50,88000000,False
2025-04-25,Q2,Positivo,Reporte Ganancias,308.20,314.80,155000000,True
2025-05-09,Q2,Positivo,Ninguno,315.50,319.20,108000000,True
2025-05-23,Q2,Neutral,Ninguno,320.00,318.50,92000000,False
2025-06-06,Q2,Positivo,Anuncio Prime Day,319.20,324.50,125000000,True
2025-06-20,Q2,Positivo,Ninguno,325.00,328.80,110000000,True
2025-07-04,Q3,Neutral,Ninguno,329.10,328.40,75000000,False
2025-07-18,Q3,Positivo,Ninguno,329.00,333.50,98000000,True
2025-08-01,Q3,Positivo,Reporte Ganancias,334.20,340.10,165000000,True
2025-08-15,Q3,Negativo,Ninguno,341.00,336.50,135000000,False
2025-08-29,Q3,Neutral,Ninguno,337.20,338.40,95000000,True
2025-09-12,Q3,Positivo,Lanzamiento Producto,339.00,344.20,115000000,True
2025-09-26,Q3,Positivo,Ninguno,345.10,348.50,105000000,True
2025-10-10,Q4,Neutral,Ninguno,349.00,347.80,88000000,False
2025-10-24,Q4,Positivo,Reporte Ganancias,348.50,355.20,155000000,True
2025-11-07,Q4,Positivo,Ninguno,356.00,359.80,112000000,True
2025-11-21,Q4,Neutral,Ninguno,360.50,359.10,95000000,False
2025-12-05,Q4,Positivo,Ninguno,360.00,364.50,105000000,True
2025-12-19,Q4,Positivo,Ninguno,365.20,370.10,92000000,True